ID,MARCA,NOMBRE,ESTILO,GRADUACIÓN,NACIONALIDAD,NOTA,COMENTARIOS,IMAGEN_LOCAL,IMAGEN
1,86,Intense Blonde Ale,Blonde Ale,8.6,Holanda,,Lata,86 Intense Blonde.png,https://borja-unibeerse.netlify.app/BeerImages/86%20Intense%20Blonde.png
2,1906,Black Coupage,Lager,7.2,España,,,1906 Black Coupage.png,https://borja-unibeerse.netlify.app/BeerImages/1906%20Black%20Coupage.png
3,1906,Reserva Especial,Lager,6.5,España,,,1906 Reserva Especial.png,https://borja-unibeerse.netlify.app/BeerImages/1906%20Reserva%20Especial.png
4,1906,Reserva Especial,Lager,6.5,España,,Antigua Botella,1906 Reserve Especial (antigua).png,https://borja-unibeerse.netlify.app/BeerImages/1906%20Reserva%20Especial%20(antigua).png
5,1906,Red Vintage,Tostada,8.0,España,,,1906 Red Vintage.png,https://borja-unibeerse.netlify.app/BeerImages/1906%20Red%20Vintage.png
6,1906,Reserva Especial,Lager,6.5,España,,Botellin Antiguo,1906 Reserva Especial (antigua 2).png,https://borja-unibeerse.netlify.app/BeerImages/1906%20Reserva%20Especial%20(antigua%202).png
7,1906,Galician Irish Red Ale,Red Ale,5.0,España,,,1906 Galician Irish Red Ale.png,https://borja-unibeerse.netlify.app/BeerImages/1906%20Galician%20Irish%20Red%20Ale.png
8,1927,1927,Munich Dunkel,6,Portugal,,Viendo a Blink,1927 1927.png,https://borja-unibeerse.netlify.app/BeerImages/1927%201927.png
9,3 Monos,Dirty Harry,IPA,6.5,España,,,3 Monos Dirty Harry.png,https://borja-unibeerse.netlify.app/BeerImages/3%20Monos%20Dirty%20Harry.png
10,A Adega,A Adega,Lager,5.0,España,,Artesanal de Lugo,,
11,A Loumiña,A Loumiña,British Brown Ale,5.5,España,,Artesanal de Lugo,A Loumiña A Loumiña.png,https://borja-unibeerse.netlify.app/BeerImages/A%20Loumi%C3%B1a%20A%20Loumi%C3%B1a.png
12,A.K. Damm,La Méthode d'Alsace,Pilsen,4.8,España,,,A.K. Damm La Méthode.png,https://borja-unibeerse.netlify.app/BeerImages/A.K.%20Damm%20La%20M%C3%A9thode.png
13,Abadia Tostada,Abadia Belga,Tostada,6.0,Bélgica,,,Abadia Tostada Abadia Belga.png,https://borja-unibeerse.netlify.app/BeerImages/Abadia%20Tostada%20Abadia%20Belga.png
14,Abbaye Des Rocs,1979,Dark Ale,9.0,Bélgica,,,Abbaye Des Rocs 1979.png,https://borja-unibeerse.netlify.app/BeerImages/Abbaye%20Des%20Rocs%201979.png
15,Absolut Vodka,Vodka,Vodka,4.0,Suecia,,Botella LTGBIQ+,Absolut Vodka Edicion LGTBIQ+.png,https://borja-unibeerse.netlify.app/BeerImages/Absolut%20Vodka%20Edicion%20LGTBIQ+.png
16,Affligem,Dubbel,Dubbel - Trapenses,6.7,Bélgica,,,Affligem Dubbel.png,https://borja-unibeerse.netlify.app/BeerImages/Affligem%20Dubbel.png
17,Aldersbacher,Extra eingebraut,Festbier,5.8,Alemania,,,Aldersbacher Extra eingebraut.png,https://borja-unibeerse.netlify.app/BeerImages/Aldersbacher%20Extra%20eingebraut.png
18,Alhambra,Barrica de Ron Granadino,Lager - Ron,6.0,España,,,Alhambra Barrica de Ron Granadino.png,https://borja-unibeerse.netlify.app/BeerImages/Alhambra%20Barrica%20de%20Ron%20Granadino.png
19,Alhambra,1925,Lager,6.4,España,,Granada,Alhambra 1925.png,https://borja-unibeerse.netlify.app/BeerImages/Alhambra%201925.png
20,Alhambra,Reserva Especial,Pilsen,7.2,España,,Granada,Alhambra Especial (Roja).png,https://borja-unibeerse.netlify.app/BeerImages/Alhambra%20Especial%20(Roja).png
21,Alhambra ,Especial,Lager,5.4,España,,,Alhambra Reserva Especial.png,https://borja-unibeerse.netlify.app/BeerImages/Alhambra%20Reserva%20Especial.png
22,Amager Bryghus,Dario The Dark Don,Double Imperial Stout,11.0,Dinamarca,0,,Amager Bryghus Dario The Dark Don.png,https://borja-unibeerse.netlify.app/BeerImages/Amager%20Bryghus%20Dario%20The%20Dark%20Don.png
23,Ambar,1900,Pale Ale,4.8,España,,,Ambar 1900.png,https://borja-unibeerse.netlify.app/BeerImages/Ambar%201900.png
24,Ambar,Export,Lager,7.0,España,,,Ambar Export.png,https://borja-unibeerse.netlify.app/BeerImages/Ambar%20Export.png
25,Ambar,Ambiciosas 10,Lager,10.0,España,,,Ambar 10.png,https://borja-unibeerse.netlify.app/BeerImages/Ambar%2010.png
26,Anchor & Brewing,Fog Breaker IPA,IPA,6.8,Estados Unidos,,,Anchor & Brewery Fog Breaker.png,https://borja-unibeerse.netlify.app/BeerImages/Anchor%20&%20Brewery%20Fog%20Breaker.png
27,Asahi,Super Dry,Lager,5.2,Japón,,,Asahi Super Dry.png,https://borja-unibeerse.netlify.app/BeerImages/Asahi%20Super%20Dry.png
28,Asturias Brewing Company,Hop Ganster,American Pale Ale,5.5,España,,Asturias. Olor Cítrico,ABC Hop Ganster.png,https://borja-unibeerse.netlify.app/BeerImages/ABC%20Hop%20Ganster.png
29,Asturias Brewing Company,Guadaña,IPA,6.5,España,,,ABC Guadaña.png,https://borja-unibeerse.netlify.app/BeerImages/ABC%20Guada%C3%B1a.png
30,Augustinerbräu München,Augustinerbräu München,Dunkel,5.6,Alemania,,,Augustinerbräu München.png,https://borja-unibeerse.netlify.app/BeerImages/Augustinerbr%C3%A4u%20M%C3%BCnchen.png
31,Ayinger,Kellerbier,Lager,4.9,Alemania,,,Ayinger Kellerbier.png,https://borja-unibeerse.netlify.app/BeerImages/Ayinger%20Kellerbier.png
32,Ayinger,Festmärzen,Festbier,5.8,Alemania,,,Ayinger Festmarzen.png,https://borja-unibeerse.netlify.app/BeerImages/Ayinger%20Festmarzen.png
33,Ayinger,Celebrator,Dunkle,6.7,Alemania,,,Ayinger Celebrator.png,https://borja-unibeerse.netlify.app/BeerImages/Ayinger%20Celebrator.png
34,Benediktiner,Weissbier,Trigo,5.4,Alemania,,,Benediktiner Weissbier.png,https://borja-unibeerse.netlify.app/BeerImages/Benediktiner%20Weissbier.png
35,Berrea,Berrea,Tostada,10.4,España / Francia,,,Berrea.png,https://borja-unibeerse.netlify.app/BeerImages/Berrea.png
36,Birra & Blues,Doble Malta,Lager,6.2,Bélgica,,,Birra & Blues Doble Malta.png,https://borja-unibeerse.netlify.app/BeerImages/Birra%20&%20Blues%20Doble%20Malta.png
37,Birra Moretti,L'Autentica,Lager,4.6,Italia,,,Birra Moretti.png,https://borja-unibeerse.netlify.app/BeerImages/Birra%20Moretti.png
38,Bischofshof,Hefe-Weibbier,Trigo,5.1,Alemania,,,Bischofshof.png,https://borja-unibeerse.netlify.app/BeerImages/Bischofshof.png
39,Bischofshof,Original Festbier,Festbier,5.4,Alemania,,,Bischofshof Festbier.png,https://borja-unibeerse.netlify.app/BeerImages/Bischofshof%20Festbier.png
40,Bohemia,Viena,Baja fermentación,4.9,México,,,Bohemia Vienna.png,https://borja-unibeerse.netlify.app/BeerImages/Bohemia%20Vienna.png
41,Bombardier,Eagle Brewery,British Ale,5.2,Inglaterra,,,Bombardier Eagle Brewery.png,https://borja-unibeerse.netlify.app/BeerImages/Bombardier%20Eagle%20Brewery.png
42,Boris Brew,Vikingathor,Indian Dunkel,8.2,Alemania,,,Boris Brew Vikinghator.png,https://borja-unibeerse.netlify.app/BeerImages/Boris%20Brew%20Vikinghator.png
43,Brewdog,Indie Pale Ale,Pale Ale ,4.2,Escocia,,,Brewdog IPA.png,https://borja-unibeerse.netlify.app/BeerImages/Brewdog%20IPA.png
44,Brewdog,Punk IPA,IPA,5.6,Inglaterra,,,Brewdog Punk IPA.png,https://borja-unibeerse.netlify.app/BeerImages/Brewdog%20Punk%20IPA.png
45,Brutus,Brutus,Blonde Lager,5.0,Alemania,,,Brutus.png,https://borja-unibeerse.netlify.app/BeerImages/Brutus.png
46,Budweiser,Original,Lager,5.0,Estados Unidos,,,Budweiser.png,https://borja-unibeerse.netlify.app/BeerImages/Budweiser.png
47,Budweiser,Original,Lager,5.0,Estados Unidos,,Botellin del mundial 2018,Budweiser Mundial.png,https://borja-unibeerse.netlify.app/BeerImages/Budweiser%20Mundial.png
48,Burro de Sancho,Negra Porter,Porter,5.0,España,,Toledo,Burro de Sancho Negro Porter.png,https://borja-unibeerse.netlify.app/BeerImages/Burro%20de%20Sancho%20Negro%20Porter.png
49,Caleya,Fruit Smooth Paradise,Smoothie Sour Ale,5.5,España,,,,
50,Cerveses JK,JK,Daurada,5.3,España,,Regalo de una boda - Flor,,
51,Cerveza KVN,Península,Blond Ale,4.5,España,,,KVN Peninsula.png,https://borja-unibeerse.netlify.app/BeerImages/KVN%20Peninsula.png
52,Cervezas de asturias,Ordum,Stout,4.5,España,,,Ordum Stout.png,https://borja-unibeerse.netlify.app/BeerImages/Ordum%20Stout.png
53,Chang,Chang,Lager ,4.8,Tailandia,,,Chang.png,
54,Chula,Trigo,Trigo,5.0,España,,Rivas-Vaciamadrid,Chula Trigo.png,https://borja-unibeerse.netlify.app/BeerImages/Chula%20Trigo.png
55,Chula ,Pale Ale,Pale Ale,5.7,España,,Rivas-Vaciamadrid,Chula Pale Ale.png,https://borja-unibeerse.netlify.app/BeerImages/Chula%20Pale%20Ale.png
56,Coedo,Shiro,Trigo,5.5,Japón,,,Coedo Shiro.png,https://borja-unibeerse.netlify.app/BeerImages/Coedo%20Shiro.png
57,CR AK + Beared Iris,DDH Session IPA,IPA,3.0,Italia,,Lata,DDH Session IPA.png,https://borja-unibeerse.netlify.app/BeerImages/DDH%20Session%20IPA.png
58,Cruzcampo,Gran Reserva,Lager,6.4,España,,,Cruzcampo Gran Reserva.png,https://borja-unibeerse.netlify.app/BeerImages/Cruzcampo%20Gran%20Reserva.png
59,Cruzcampo,Especial,Lager,5.6,España,,,Cruzcampo Especial.png,https://borja-unibeerse.netlify.app/BeerImages/Cruzcampo%20Especial.png
60,Cubanisto,Rum Flavoured Beer,Lager Dorada,5.9,Bélgica,,Lata,Cubanisto.png,https://borja-unibeerse.netlify.app/BeerImages/Cubanisto.png
61,Damm,Voll-Damm,Märzenbier,7.2,España,,,Voll Damm.png,https://borja-unibeerse.netlify.app/BeerImages/Voll%20Damm.png
62,Damm,Inedit,Lager,4.8,España,,,Damm Innedit.png,https://borja-unibeerse.netlify.app/BeerImages/Damm%20Innedit.png
63,Damm,Free,Lager,0.0,España,,,Free Damm.png,https://borja-unibeerse.netlify.app/BeerImages/Free%20Damm.png
64,Damm,Malquerida,Roja Fresca,5.0,España,,,Malquerida.png,https://borja-unibeerse.netlify.app/BeerImages/Malquerida.png
65,Damm,Complot IPA,IPA,6.6,España,,,Damm Complot IPA.png,https://borja-unibeerse.netlify.app/BeerImages/Damm%20Complot%20IPA.png
66,Das Schwarze,Schwarzbier,Dark Lager,4.9,Alemania,,,Das Schwarze Schwarzbier.png,https://borja-unibeerse.netlify.app/BeerImages/Das%20Schwarze%20Schwarzbier.png
67,Daura, Damm,Lager - Sin Gluten,5.4,España,,,Daura Sin Gluten.png,https://borja-unibeerse.netlify.app/BeerImages/Daura%20Sin%20Gluten.png
68,Delirium,Tremens,Golden Belgian Strong Ale,8.5,Bélgica,,,Delirium Tremens.png,https://borja-unibeerse.netlify.app/BeerImages/Delirium%20Tremens.png
69,Desperados,Mojito Tequila,Lager,5.9,Francia,,,Desperados Mojito.png,https://borja-unibeerse.netlify.app/BeerImages/Desperados%20Mojito.png
70,Desperados,Tequila Lima y Cactus,Lager,3.0,Francia,,,Desperados Lima.png,https://borja-unibeerse.netlify.app/BeerImages/Desperados%20Lima.png
71,Desperados,Tequila,Lager,5.9,Francia,,,Desperados.png,https://borja-unibeerse.netlify.app/BeerImages/Desperados.png
72,Dougall's,Tres Mares,Brown Ale,5.2,España,,Cantabria,Dougalls 3 Mares.png,https://borja-unibeerse.netlify.app/BeerImages/Dougalls%203%20Mares.png
73,Dougall's,Pilsen,Pilsen,5.0,España,,Cantabria,Dougalls Pilsen.png,https://borja-unibeerse.netlify.app/BeerImages/Dougalls%20Pilsen.png
74,Dougall's,IPA 8,IPA,6.5,España,,,Dougalls IPA 8.png,https://borja-unibeerse.netlify.app/BeerImages/Dougalls%20IPA%208.png
75,Dougall's,Cerveza Ecologica Dos (2),American Pale Ale,4.8,España,,,Dougalls Organic.png,https://borja-unibeerse.netlify.app/BeerImages/Dougalls%20Organic.png
76,Dougall's,942,American Pale Ale,4.2,España,,Sin Gluten. Maria,Dougalls 942.png,https://borja-unibeerse.netlify.app/BeerImages/Dougalls%20942.png
77,Dougall's,IPA 9,IPA,6.5,España,,,Dougalls IPA 9.png,https://borja-unibeerse.netlify.app/BeerImages/Dougalls%20IPA%209.png
78,Duff Beer,Duff,Lager,4.7,Alemania,,La primera de la colección,Duff Beer.png,https://borja-unibeerse.netlify.app/BeerImages/Duff%20Beer.png
79,Efes,Pilsener,Pilsen,4.9,Turquia,,,Efes Pilsen.png,https://borja-unibeerse.netlify.app/BeerImages/Efes%20Pilsen.png
80,El Aguila,Sin Filtrar,Lager - Levadura en suspensión,5.5,España,,,El Aguila Sin Filtrar.png,https://borja-unibeerse.netlify.app/BeerImages/El%20Aguila%20Sin%20Filtrar.png
81,Enigma,Cervantes 400,Trigo,4.5,España,,,Valkiria Hidromiel.png,https://borja-unibeerse.netlify.app/BeerImages/Enigma%20Cervantes%20400.png
82,Enigma Valkiria,Hidromiel,Hidromiel,5.2,España,,,Enigma Cervantes 400.png,https://borja-unibeerse.netlify.app/BeerImages/Valkiria%20Hidromiel.png
83,Erlkönig Festbier,Erlkönig Festbier,Festbier,6.1,Alemania,,,Erlkönig Festbier.png,https://borja-unibeerse.netlify.app/BeerImages/Erlk%C3%B6nig%20Festbier.png
84,Estrella Damm,Mediterranea,Lager,5.4,España,,,Estrella Damm Mediterraneo.png,https://borja-unibeerse.netlify.app/BeerImages/Estrella%20Damm%20Mediterraneo.png
85,Estrella Damm,Receta Original,Lager,5.4,España,,,Estrella Damm Receta Original.png,https://borja-unibeerse.netlify.app/BeerImages/Estrella%20Damm%20Receta%20Original.png
86,Estrella Galicia,Madroños,Afrutada,4.0,España,,Botella número 19872/24500,Estrella Galicia Pulpo Á Feira.png,https://borja-unibeerse.netlify.app/BeerImages/Estrella%20Galicia%20Madro%C3%B1os.png
87,Estrella Galicia,Pulpo Á Feira,Ale,5.8,España,,,Estrella Galicia Madroños.png,https://borja-unibeerse.netlify.app/BeerImages/Estrella%20Galicia%20Pulpo%20%C3%81%20Feira.png
88,Estrella Galicia,Castañas,Afrutada - Magosto,5.7,España,,,Estrella Galicia Castañas.png,https://borja-unibeerse.netlify.app/BeerImages/Estrella%20Galicia%20Casta%C3%B1as.png
89,Estrella Galicia,Estrella de Navidad (2018),Lager,5.5,España,,,Estrella de Navidad.png,https://borja-unibeerse.netlify.app/BeerImages/Estrella%20de%20Navidad.png
90,Estrella Galicia,Pimientos de Padrón,Afrutada - Pimiento,6.3,España,,Botella número 139353/425000,Estrella Galicia Pimientos Padron.png,https://borja-unibeerse.netlify.app/BeerImages/Estrella%20Galicia%20Pimientos%20Padron.png
91,Estrella Galicia,Cerveza Especial, Lager,5.5,España,,,Estrella Galicia Especial.png,https://borja-unibeerse.netlify.app/BeerImages/Estrella%20Galicia%20Especial.png
92,Estrella Galicia,San Isidro, Lager,5.5,España,,Cerveza especial edición san Isidro 2023,Estrella Galicia San Isidro.png,https://borja-unibeerse.netlify.app/BeerImages/Estrella%20Galicia%20San%20Isidro.png
93,Estrella Levante,60 Aniversario,Lager Especial,6.2,España,,,Estrella Levante 60 aniversario.png,
94,Flyding Dog,Doggie Style,Pale Ale,5.5,Estados Unidos,,,Flying Dog Doggie Style.png,https://borja-unibeerse.netlify.app/BeerImages/Flying%20Dog%20Doggie%20Style.png
95,Flying Cauldron,ButterScotch Beer,Non-Alchoholic,0.0,Inglaterra,,Maria - Cerveza de Mantequilla,Flying Cauldron ButterScotch Beer.png,https://borja-unibeerse.netlify.app/BeerImages/Flying%20Cauldron%20ButterScotch%20Beer.png
96,Founders,Dirty Bastard,Scoth Ale,8.5,Escocia,,,Founders Dirty Bastard.png,https://borja-unibeerse.netlify.app/BeerImages/Founders%20Dirty%20Bastard.png
97,Fuller's,London Pride,Bitter Ale,4.7,Inglaterra,,,Fullers London Pride.png,https://borja-unibeerse.netlify.app/BeerImages/Fullers%20London%20Pride.png
98,G de Goudale,Gran Cru,Pale Ale,7.9,Francia,,,G de Goudale Gran Cru.png,https://borja-unibeerse.netlify.app/BeerImages/G%20de%20Goudale%20Gran%20Cru.png
99,Gordon,Revolución Xplossion,Strong Red Fruit,9.0,Bélgica,,Lata,Gordon Xplossion.png,https://borja-unibeerse.netlify.app/BeerImages/Gordon%20Xplossion.png
100,Gouden ,Carolus,Pale Ale,8.5,Bélgica,,,Gouden Carolus.png,https://borja-unibeerse.netlify.app/BeerImages/Gouden%20Carolus.png
101,Gouden ,Carolus, Triple,9,Bélgica,,,Gouden Carolus Tripel.png,
102,Gradisca,Gradisca,Lager,5.2,Italia,,,Gradisca.png,https://borja-unibeerse.netlify.app/BeerImages/Gradisca.png
103,Gran Reserva,1897,Triple Belga,7.9,Bélgica,,,Gran Reserva 1897.png,https://borja-unibeerse.netlify.app/BeerImages/Gran%20Reserva%201897.png
104,Grevensteiner,C & A. Veltins,Lager,5.2,Alemania,,,Grevensteiner C & A.png,https://borja-unibeerse.netlify.app/BeerImages/Grevensteiner%20C%20&%20A.png
105,Grimbergen,Blonde,Trapenses,6.7,Bélgica,,,Grimbergen Blonde.png,https://borja-unibeerse.netlify.app/BeerImages/Grimbergen%20Blonde.png
106,Grimbergen,Double Ambrée,Dubble,6.5,Bélgica,,,Grimbergen Double Ambrée.png,https://borja-unibeerse.netlify.app/BeerImages/Grimbergen%20Double%20Ambr%C3%A9e.png
107,Grolsch ,Radler,Radler,2.0,Holanda,,,Grolsch.png,https://borja-unibeerse.netlify.app/BeerImages/Grolsch.png
108,Guinness,Draugth Stout,Stout,4.2,Irlanda,,,Guinness Draugth Stout.png,https://borja-unibeerse.netlify.app/BeerImages/Guinness%20Draugth%20Stout.png
109,Guinness,Hop House 13 Lager,Lager,5.0,Irlanda,,,Guinness Hop House 13.png,https://borja-unibeerse.netlify.app/BeerImages/Guinness%20Hop%20House%2013.png
110,Gulden Draak,Classic,Dark Red Triple,10.5,Bélgica,,,Gulden Draak Classic.png,
111,HeatherWood,The Ginger Grizzly,Afrutada,4.0,Inglaterra,,,HeatherWood The Ginger Grizzly.png,https://borja-unibeerse.netlify.app/BeerImages/HeatherWood%20The%20Ginger%20Grizzly.png
112,Heineken,La Rubia,Rubia,6.2,España,,,Heineken 1870.png,https://borja-unibeerse.netlify.app/BeerImages/Heineken%201870.png
113,Heineken,Heineken Original,Lager Pilsen,5.0,Holanda,,,Heineken.png,https://borja-unibeerse.netlify.app/BeerImages/Heineken.png
114,Heineken,Heineken Original,Lager Pilsen,5.0,Holanda,,Distinta Botella,Heineken +Color 1.png,https://borja-unibeerse.netlify.app/BeerImages/Heineken%20+Color%201.png
115,Heineken,Heineken Lager,Lager Pilsen,5.0,Holanda,,Botellin de Cristal,Heineken +Color 2.png,https://borja-unibeerse.netlify.app/BeerImages/Heineken%20+Color%202.png
116,Heineken,Heineken Original,Lager Pilsen,5.0,Holanda,,Botellin de Aluminio,Heineken Aluminio.png,https://borja-unibeerse.netlify.app/BeerImages/Heineken%20Aluminio.png
117,Heineken,másColor,Lager,5.0,Holanda,,Jorge,Heineken +Color 3.png,https://borja-unibeerse.netlify.app/BeerImages/Heineken%20+Color%203.png
118,Heineken ,El Alcazar,Pilsen,6.0,España,,Maria - Jaen,Heineken El Alcazar.png,https://borja-unibeerse.netlify.app/BeerImages/Heineken%20El%20Alcazar.png
119,Hofbräu Munchen,Hofbräu Oktoberfestbier,Festbier,6.3,Alemania,,,Hofbräu Munchen Oktoberfestbier.png,https://borja-unibeerse.netlify.app/BeerImages/Hofbr%C3%A4u%20Munchen%20Oktoberfestbier.png
120,Ichnusa,Anima Sarda,Lager,4.7,Italia,,,Ichinusa Anima Sarda.png,https://borja-unibeerse.netlify.app/BeerImages/Ichinusa%20Anima%20Sarda.png
121,Ichnusa,Non FIltrata,Lager,5.0,Italia,,,Ichinusa Non Filtrata.png,https://borja-unibeerse.netlify.app/BeerImages/Ichinusa%20Non%20Filtrata.png
122,Illas Cies,Cervexa IPA,IPA,4.0,España,,,Illas Cies IPA.png,https://borja-unibeerse.netlify.app/BeerImages/Illas%20Cies%20IPA.png
123,Innis & Gunn,The Original,Scoth Ale,6.6,Escocia,,,Innis & Gunn The Original.png,https://borja-unibeerse.netlify.app/BeerImages/Innis%20&%20Gunn%20The%20Original.png
124,Innis & Gunn,Caribbean Rum Cask,Amber Ale,6.8,Escocia,,,Innis & Gunn Caribbean Rum.png,https://borja-unibeerse.netlify.app/BeerImages/Innis%20&%20Gunn%20Caribbean%20Rum.png
125,Innis & Gunn,Blood Red Sky,Scoth Ale,6.8,Escocia,,,Innis & Gunn Blood Red Sky.png,https://borja-unibeerse.netlify.app/BeerImages/Innis%20&%20Gunn%20Blood%20Red%20Sky.png
126,Jambe De Bois,Jambe De Bois,Strong Belgian Ale,8,Bélgica,,,Jambe de Bois.png,
127,Jennings,Cumberland,Golden Ale,4.0,Italia,,,Jennings Cumberland.png,https://borja-unibeerse.netlify.app/BeerImages/Jennings%20Cumberland.png
128,Judas,Judas,Ale,8.5,Bélgica,,,Judas Ale.png,https://borja-unibeerse.netlify.app/BeerImages/Judas%20Ale.png
129,Karmeliet,Tripel Karmeliet 1679,Abadia Triple,8.4,Bélgica,,,Karmeliet Tripel.png,https://borja-unibeerse.netlify.app/BeerImages/Karmeliet%20Tripel.png
130,Karpackie,Karpackie,Strong Blonde,9,Polonia,,,Karpackie.png,https://borja-unibeerse.netlify.app/BeerImages/Karpackie.png
131,Katrina,Katrina,Lager,6.0,España,,León,Katrina Lager.png,https://borja-unibeerse.netlify.app/BeerImages/Katrina%20Lager.png
132,Kirin,Ichiban,baja fermentación,5.0,Japón,,,Kirin Ichiban.png,https://borja-unibeerse.netlify.app/BeerImages/Kirin%20Ichiban.png
133,Kuchlbauer,Guillamoos-Bier,Helles,5.6,Alemania,,,Kuchlbauer Guillamoos-Bier.png,https://borja-unibeerse.netlify.app/BeerImages/Kuchlbauer%20Guillamoos-Bier.png
134,La Chouffe,Blonde,Alta fermantación,8.0,Bélgica,,,La Chouffe.png,https://borja-unibeerse.netlify.app/BeerImages/La%20Chouffe.png
135,La Cibeles,Rubia,Blond Ale,4.5,España,,,La Cibeles Blonde Ale.png,https://borja-unibeerse.netlify.app/BeerImages/La%20Cibeles%20Blonde%20Ale.png
136,La Cibeles,Trigo,Trigo,4.5,España,,,La Cibeles Trigo.png,https://borja-unibeerse.netlify.app/BeerImages/La%20Cibeles%20Trigo.png
137,La Cibeles,Castaña,Ale,4.7,España,,,La Cibeles Castaña.png,https://borja-unibeerse.netlify.app/BeerImages/La%20Cibeles%20Casta%C3%B1a.png
138,La Corne,du Bois des Pendus,Ale Belga,10.0,Bélgica,,,La Corne du Bois des Pendus.png,https://borja-unibeerse.netlify.app/BeerImages/La%20Corne%20du%20Bois%20des%20Pendus.png
139,La Corne,Black,Ale Belga,8,Bélgica,,,La Corne Black.png,https://borja-unibeerse.netlify.app/BeerImages/La%20Corne%20Black.png
140,La Estrella de Galicia,Receta Primera Generación,Pilsen,4.7,España,,,La Estrella Galicia Primera Generacion.png,https://borja-unibeerse.netlify.app/BeerImages/La%20Estrella%20Galicia%20Primera%20Generacion.png
141,La Fontana,Canteo,Andes Pale Ale,4.8,España,,Hay que probarla de nuevo,La Fontana Canteo.png,https://borja-unibeerse.netlify.app/BeerImages/La%20Fontana%20Canteo.png
142,La Loba,Cerveza Libre,IPA,6.0,España,,Mérida,La Loba IPA.png,https://borja-unibeerse.netlify.app/BeerImages/La%20Loba%20IPA.png
143,La Plaga,Laika Virgin,Spacial IPA,5.9,España,,,La Plaga Laika Virgin.png,https://borja-unibeerse.netlify.app/BeerImages/La%20Plaga%20Laika%20Virgin.png
144,La Real,Riber IPA,Indian Pale Ale,4.6,España,,,La Real Riber IPA.png,https://borja-unibeerse.netlify.app/BeerImages/La%20Real%20Riber%20IPA.png
145,La Sagra,Senador Volstead,Red Ale,6.0,España,,Toledo,La Sagra Senador Volstead.png,https://borja-unibeerse.netlify.app/BeerImages/La%20Sagra%20Senador%20Volstead.png
146,La Sagra,Blanca de Trigo,Trigo,5.2,España,,Toledo,La Sagra Trigo.png,https://borja-unibeerse.netlify.app/BeerImages/La%20Sagra%20Trigo.png
147,La Sagra,Premium Rubia Ale,Blonde Ale,5.4,España,,Toledo,La Sagra Blonde.png,https://borja-unibeerse.netlify.app/BeerImages/La%20Sagra%20Blonde.png
148,La Sagra,IPA,IPA,7.2,España,,Toledo,La Sagra IPA.png,https://borja-unibeerse.netlify.app/BeerImages/La%20Sagra%20IPA.png
149,La Trappe,Dubbel,Trapenses,7.0,Holanda,,,La Trappe Dubbel.png,https://borja-unibeerse.netlify.app/BeerImages/La%20Trappe%20Dubbel.png
150,La Vallekana,La Vallekana,Golden Ale,4.7,España,,Vallecas,,
151,La Virgen,Imperial Champan,Imperial Pilsen,7.0,España,,,La Virgen Imperial Champan.png,https://borja-unibeerse.netlify.app/BeerImages/La%20Virgen%20Imperial%20Champan.png
152,La Virgen,Jamonera,Amber Ale,5.5,España,,,La Virgen Jamonera.png,https://borja-unibeerse.netlify.app/BeerImages/La%20Virgen%20Jamonera.png
153,La Virgen,360,Pale Ale,5.0,España,,,La Virgen 360.png,https://borja-unibeerse.netlify.app/BeerImages/La%20Virgen%20360.png
154,Laugar,Kiskale,Brown Ale - Pinta Irlandesa,7.3,España,,,Laugar Kiskale.png,https://borja-unibeerse.netlify.app/BeerImages/Laugar%20Kiskale.png
155,Leffe,Blonde,Rubia,6.6,Bélgica,,,Leffe Blonde.png,https://borja-unibeerse.netlify.app/BeerImages/Leffe%20Blonde.png
156,Leo,Leo ,Lager,5,Tailandia,,,Leo.png,
157,Licher, Pilsner,Pilsen,4.9,Inglaterra,,,Licher Pilsner.png,https://borja-unibeerse.netlify.app/BeerImages/Licher%20Pilsner.png
158,Licorne,Black,Negra,6.0,Francia,,,Licorne Black.png,https://borja-unibeerse.netlify.app/BeerImages/Licorne%20Black.png
159,Lindemans,Kriek,Lambic,3.5,Bélgica,,,Lindemans Kriek.png,https://borja-unibeerse.netlify.app/BeerImages/Lindemans%20Kriek.png
160,Lindemans,Framboise,Lambic,2.5,Bélgica,,,Lindemans Framboise.png,https://borja-unibeerse.netlify.app/BeerImages/Lindemans%20Framboise.png
161,Lux,Tongerlo,Rubia,6.0,Bélgica,,,Tongerlo Lux.png,https://borja-unibeerse.netlify.app/BeerImages/Tongerlo%20Lux.png
162,Madrí ,Chulapo Pilsen,Pilsen,5.0,España,,,Madrí Chulapo Pilsen.png,https://borja-unibeerse.netlify.app/BeerImages/Madr%C3%AD%20Chulapo%20Pilsen.png
163,Madriz,Hop Republic Chamberí,Lager Tostada,5.4,España,,,Madriz Chamberi.png,https://borja-unibeerse.netlify.app/BeerImages/Madriz%20Chamberi.png
164,Maeloc,Sidra Dulce,Sidra,4.1,España,,,Maeloc Sidra Dulce.png,https://borja-unibeerse.netlify.app/BeerImages/Maeloc%20Sidra%20Dulce.png
165,Mahou,5 Estrellas,Lager,5.5,España,,,Mahou 5 Estrellas.png,https://borja-unibeerse.netlify.app/BeerImages/Mahou%205%20Estrellas.png
166,Mahou,Tostada 0.0,Lager,0.0,España,,,"Mahou Tostada 0,0.png","https://borja-unibeerse.netlify.app/BeerImages/Mahou%20Tostada%200,0.png"
167,Mahou, Barrica Alma de Viña,Lager - Barricas que han contenido vino,6.1,España,,,Mahou Barrica Alma de Viña.png,https://borja-unibeerse.netlify.app/BeerImages/Mahou%20Barrica%20Alma%20de%20Vi%C3%B1a.png
168,Mahou,Casimiro Mahou,Lager,5.2,España,,,Mahou Casimiro Mahou.png,https://borja-unibeerse.netlify.app/BeerImages/Mahou%20Casimiro%20Mahou.png
169,Mahou,Barrica Matices de Madera de Roble,Lager,6.1,España,,,Mahou Barrica Madera de Roble.png,https://borja-unibeerse.netlify.app/BeerImages/Mahou%20Barrica%20Madera%20de%20Roble.png
170,Mahou,5 Estrellas,Lager,5.5,España,,Distinta Botella,Mahou 5 Estrellas Quinto.png,https://borja-unibeerse.netlify.app/BeerImages/Mahou%205%20Estrellas%20Quinto.png
171,Mahou,5 Estrellas,Lager,5.5,España,,Botellin Liga Real Madrid,Mahou 5 Estrellas Real Madrid.png,https://borja-unibeerse.netlify.app/BeerImages/Mahou%205%20Estrellas%20Real%20Madrid.png
172,Mahou,Maestra Dunkel,Munich Dunkel,6.1,España,,,Mahou Dunkel.png,https://borja-unibeerse.netlify.app/BeerImages/Mahou%20Dunkel.png
173,Mahou,Barrica Bourbon Envejecida,Lager - Barricas que han contenido bourbon,6.9,España,,,Mahou Barrica Bourbon.png,https://borja-unibeerse.netlify.app/BeerImages/Mahou%20Barrica%20Bourbon.png
174,Mahou ,IPA,IPA,4.5,España,,,Mahou IPA.png,https://borja-unibeerse.netlify.app/BeerImages/Mahou%20IPA.png
175,Mahou ,Maestra,Lager,7.5,España,,,Mahou Maestra.png,https://borja-unibeerse.netlify.app/BeerImages/Mahou%20Maestra.png
176,Mahou ,Rose,Lager Afrutada,4.8,España,,Cerveza afrutada de mahou,Mahou Rose.png,https://borja-unibeerse.netlify.app/BeerImages/Mahou%20Rose.png
177,Maisel & Friends,Intense Pure Awesome,IPA,6.3,Alemania,,,Maisel & Friends Intense Pure Awesome.png,https://borja-unibeerse.netlify.app/BeerImages/Maisel%20&%20Friends%20Intense%20Pure%20Awesome.png
178,Maredsous,Abbaye-abdij,Abadia,8.0,Bélgica,,,Maredsous Abbaye Abdij.png,https://borja-unibeerse.netlify.app/BeerImages/Maredsous%20Abbaye%20Abdij.png
179,Maris Hopping,Maris Hopping,Doble Ipa,6.5,España,,,Maris Hopping.png,https://borja-unibeerse.netlify.app/BeerImages/Maris%20Hopping.png
180,Marston's,Pedigree,Pale Ale,4.5,Inglaterra,,,Marston's Pedigree.png,https://borja-unibeerse.netlify.app/BeerImages/Marston's%20Pedigree.png
181,Maternus,Maternus,Pilsen,5.5,España,,Maria,Maternus Barrica.png,
182,Miss Kits,Miss Kits,Rubia,4.2,España,,Ibiza,,
183,Modelo,Especial,Pilsen,4.5,México,,,Modelo Especial.png,https://borja-unibeerse.netlify.app/BeerImages/Modelo%20Especial.png
184,Moersleutel,Darth Vader,Imperial Stout,11.0,Holanda,0,Lata,Moersleutel Darth Vader.png,https://borja-unibeerse.netlify.app/BeerImages/Moersleutel%20Darth%20Vader.png
185,Mort Subite,Kriek Lambic,Lambic,4.0,Bélgica,,,Mort Subite Kriek.png,https://borja-unibeerse.netlify.app/BeerImages/Mort%20Subite%20Kriek.png
186,Munich ,La Salve,Dubbel - Trapenses,6.2,España,,,Munich La Salve.png,https://borja-unibeerse.netlify.app/BeerImages/Munich%20La%20Salve.png
187,Mustache,Mustache,Lager,4.7,España,,Rias Baixas,Mustache.png,https://borja-unibeerse.netlify.app/BeerImages/Mustache.png
188,Naviega,Naviega,Irish Red,5.8,España,,Artesanal de Asturias,Naviega.png,https://borja-unibeerse.netlify.app/BeerImages/Naviega.png
189,Olañeta,Olañeta,Golden Strong Ale,8.4,España,,Gipuzcua,Olañeta Golden Strong Ale.png,https://borja-unibeerse.netlify.app/BeerImages/Ola%C3%B1eta%20Golden%20Strong%20Ale.png
190,Old Empire IPA,Marstons,IPA,5.7,Inglaterra,,,Old Empire IPA Marstons.png,https://borja-unibeerse.netlify.app/BeerImages/Old%20Empire%20IPA%20Marstons.png
191,Oro,Bilbao,Lager,6.0,España,,,Oro Bilbao.png,https://borja-unibeerse.netlify.app/BeerImages/Oro%20Bilbao.png
192,Pagoa,Basque Beer,Pilsen,4.9,España,,,Pagoa Pilsen.png,https://borja-unibeerse.netlify.app/BeerImages/Pagoa%20Pilsen.png
193,Patanel,Golden Ale,Golden Ale,6.0,España,,Carabanchel,Patanel Golden Ale.png,https://borja-unibeerse.netlify.app/BeerImages/Patanel%20Golden%20Ale.png
194,Patanel,Red Ale,Red Ale,6.0,España,,Carabanchel,Patanel Red Ale.png,https://borja-unibeerse.netlify.app/BeerImages/Patanel%20Red%20Ale.png
195,Patronus,Weissbier Naturtrüb,Trigo,5.5,Alemania,,,Patronus.png,https://borja-unibeerse.netlify.app/BeerImages/Patronus.png
196,Paulaner,Dunkel,Trigo Oscura,5.3,Alemania,,,Paulaner Dunkel.png,https://borja-unibeerse.netlify.app/BeerImages/Paulaner%20Dunkel.png
197,Paulaner,Salvator,Baja fermentación,7.9,Alemania,,,Paulaner Salvatore.png,https://borja-unibeerse.netlify.app/BeerImages/Paulaner%20Salvatore.png
198,Paulaner,Hefe-Weibbier,Trigo,5.5,Alemania,,,Paulaner Trigo.png,https://borja-unibeerse.netlify.app/BeerImages/Paulaner%20Trigo.png
199,Pauwel Kwak,Kwak,Alta fermantación Filtrada,8.4,Bélgica,,Botella de 50 cl,Kwak 50cl.png,https://borja-unibeerse.netlify.app/BeerImages/Kwak%2050cl.png
200,Pauwel Kwak,Kwak,Alta fermantación Filtrada,8.4,Bélgica,,Botella de Tercio,Kwak Tercio.png,https://borja-unibeerse.netlify.app/BeerImages/Kwak%20Tercio.png
201,PilsnerUrquell,The original pilsner,Pilsen,4.4,Chequia,,,PilsnerUrquell.png,https://borja-unibeerse.netlify.app/BeerImages/PilsnerUrquell.png
202,Polar,Polar,Pilsen,4.5,Venezuela,,,Polar.png,https://borja-unibeerse.netlify.app/BeerImages/Polar.png
203,Praga,Dark Lager,Lager Oscura,4.5,Chequia,,,Praga Dark Lager.png,https://borja-unibeerse.netlify.app/BeerImages/Praga%20Dark%20Lager.png
204,Presidente,Pilsener Style,Pilsen,5.0,República Dominicana,,,Presidente.png,https://borja-unibeerse.netlify.app/BeerImages/Presidente.png
205,Ramblers,Weissbier,Trigo,5.0,Alemania,,,Ramblers Weissbier.png,https://borja-unibeerse.netlify.app/BeerImages/Ramblers%20Weissbier.png
206,Ramblers,Reserva Artesana,Lager,6.5,España,,,Rambler Artesana.png,https://borja-unibeerse.netlify.app/BeerImages/Rambler%20Artesana.png
207,Ramblers,Red Ale,Red Ale,6.1,España,,,Ramblers Red Ale.png,https://borja-unibeerse.netlify.app/BeerImages/Ramblers%20Red%20Ale.png
208,Reissdorf,Kölsch,Pale Ale ,4.8,Alemania,,Felipe,Reissdorf Kölsch.png,https://borja-unibeerse.netlify.app/BeerImages/Reissdorf%20K%C3%B6lsch.png
209,Ringwood,Razor Back,Pale Ale,3.6,Inglaterra,,,Ringwood Razor Back.png,https://borja-unibeerse.netlify.app/BeerImages/Ringwood%20Razor%20Back.png
210,Roja Ruiva,Roja Ruiva,Strong Ale,8.5,Bélgica,,,Roja Ruiva.png,https://borja-unibeerse.netlify.app/BeerImages/Roja%20Ruiva.png
211,Sagres,Sagres,Blonde Lager,5.0,Portugal,,,Sagres.png,https://borja-unibeerse.netlify.app/BeerImages/Sagres.png
212,Sagres,Preta,Dunkel,4.1,Portugal,,,Sagres Preta.png,
213,Salitos,Blue,Vino de frutas,5.0,Panama / Alemania,,Malo,Salitos.png,https://borja-unibeerse.netlify.app/BeerImages/Salitos.png
214,Samuel Smith,Samuel Smith,Imperial Stout,7.0,Inglaterra,,,Samuel Smith.png,https://borja-unibeerse.netlify.app/BeerImages/Samuel%20Smith.png
215,San Miguel,Selecta,Lager,6.2,España,,,San Miguel Selecta.png,https://borja-unibeerse.netlify.app/BeerImages/San%20Miguel%20Selecta.png
216,San Miguel,Manila,Lager - IPA,5.4,España,,,San Miguel Manila.png,https://borja-unibeerse.netlify.app/BeerImages/San%20Miguel%20Manila.png
217,Sanabria ,Sanabria,Blonde Ale,5.7,España,,Cantabria,,
218,Sapporo,Premium Beer,Lager,4.7,Japón,,Lata,Sapporo.png,https://borja-unibeerse.netlify.app/BeerImages/Sapporo.png
219,Schlenkerla,Aecht Schlenkerla Rauchbier Märzen,Lager,5.1,Alemania,,,Schlenkerla Aecht Schlenkerla Rauchbier Märzen.png,https://borja-unibeerse.netlify.app/BeerImages/Schlenkerla%20Aecht%20Schlenkerla%20Rauchbier%20M%C3%A4rzen.png
220,‎Schloss Eggenberg,Samichlaus,Baja fermentación,14.0,Austria,,,Samichlaus Schloss Eggenberg.png,https://borja-unibeerse.netlify.app/BeerImages/Samichlaus%20Schloss%20Eggenberg.png
221,SchneiderWeisse,Aventinus,Trigo,8.2,Alemania,,,SchneiderWeisse Aventinus.png,https://borja-unibeerse.netlify.app/BeerImages/SchneiderWeisse%20Aventinus.png
222,SchneiderWeisse,Tap1,Trigo,5.2,Alemania,,,SchneiderWeisse Tap1.png,https://borja-unibeerse.netlify.app/BeerImages/SchneiderWeisse%20Tap1.png
223,SchneiderWeisse,Original Weissbier,Trigo,5.4,Alemania,,,SchneiderWeisse Original.png,https://borja-unibeerse.netlify.app/BeerImages/SchneiderWeisse%20Original.png
224,SchneiderWeisse,Hopfenweisse Tap 05,Trigo,8.2,Alemania,,,SchneiderWeisse Hopfenweisse Tap 05.png,https://borja-unibeerse.netlify.app/BeerImages/SchneiderWeisse%20Hopfenweisse%20Tap%2005.png
225,Schöfferhofer,Hefeweizen,Dunkel,5.0,Alemania,,,Schöfferhofer Hefeweizen.png,https://borja-unibeerse.netlify.app/BeerImages/Sch%C3%B6fferhofer%20Hefeweizen.png
226,Shinga,Shinga,Pale Ale,5,Tailandia,,,Shinga Thai.png,
227,Sierra Nevada,Torpedo,Triple IPA,7.2,España,,,Sierra Nevada Triple IPA.png,https://borja-unibeerse.netlify.app/BeerImages/Sierra%20Nevada%20Triple%20IPA.png
228,Singha,Premium Lager,Lager,5.0,Tailandia,,,Singha Premium Lager.png,https://borja-unibeerse.netlify.app/BeerImages/Singha%20Premium%20Lager.png
229,Sol,Sol,Lager,4.5,México,,,Sol.png,https://borja-unibeerse.netlify.app/BeerImages/Sol.png
230,Sputnik,Sputnik,Blonde,5.9,España,,,Sputnik.png,https://borja-unibeerse.netlify.app/BeerImages/Sputnik.png
231,Sr. Mendrugo ,Sr. Mendrugo,Pale Ale,5.0,España,,Fermentada con pan,Sr. Mendrugo.png,https://borja-unibeerse.netlify.app/BeerImages/Sr.%20Mendrugo.png
232,St Peter's Old-Style,Porter,Porter,5.1,Inglaterra,,,St Peters Old Style Porter.png,https://borja-unibeerse.netlify.app/BeerImages/St%20Peters%20Old%20Style%20Porter.png
233,St. Bernardus,Prior 8,Dubbel,8.0,Bélgica,,,St. Bernardus Prior 8.png,https://borja-unibeerse.netlify.app/BeerImages/St.%20Bernardus%20Prior%208.png
234,Steam Brew,Steam Brew,Wheat Pale Ale,5.6,Alemania,,Lata,Steam Brew Wheat Pale Ale.png,https://borja-unibeerse.netlify.app/BeerImages/Steam%20Brew%20Wheat%20Pale%20Ale.png
235,Steam Brew,Steam Brew,Stout,7.5,Alemania,,Lata,Steam Brew Stout.png,https://borja-unibeerse.netlify.app/BeerImages/Steam%20Brew%20Stout.png
236,Steam Brew,Steam Brew,German Red,7.9,Alemania,,Lata,Steam Brew Red Ale.png,https://borja-unibeerse.netlify.app/BeerImages/Steam%20Brew%20Red%20Ale.png
237,Steam Brew,Steam Brew,Session IPA,4.9,Alemania,,Lata,Steam Brew IPA.png,https://borja-unibeerse.netlify.app/BeerImages/Steam%20Brew%20IPA.png
238,Steenhuffel,Palm,Ale,0.0,Bélgica,,,Palm Steenhuffel.png,https://borja-unibeerse.netlify.app/BeerImages/Palm%20Steenhuffel.png
239,Super Bock,Coruja,Indian Pale Ale,6,Portugal,,Viendo a Blink,Super Bock.png,https://borja-unibeerse.netlify.app/BeerImages/Super%20Bock.png
240,The Crafty,Pale Ale,Pale Ale,4.5,Irlanda,,,The Crafty Pale Ale.png,https://borja-unibeerse.netlify.app/BeerImages/The%20Crafty%20Pale%20Ale.png
241,The One Beer,Rubia Inglesa,Pale Ale,5.2,España,,Cerveceria de Getafe,,
242,The One Beer,Negra,Stout,5.2,España,,Cerveceria de Getafe,,
243,The One Beer,Madrid One,Indian Pale Ale,5,España,,Cerveceria de Getafe,,
244,The One Beer,La Celta,Fraoch Heather Ale,7.5,España,,Cerveceria de Getafe,,
245,The One Beer,La Pelirroja de Getafe,Irish Red Ale,5,España,,Cerveceria de Getafe,,
246,Tiger,Asian Lager,Lager,5.0,Singapur,,,Tiger Asian Lager.png,https://borja-unibeerse.netlify.app/BeerImages/Tiger%20Asian%20Lager.png
247,Tostada ,Especialidades 1897,Lager,5.9,España,3,,Tostada 1897.png,https://borja-unibeerse.netlify.app/BeerImages/Tostada%201897.png
248,Trappistes,Rochefort 10,Trapenses,11.3,Bélgica,,,Trappistes Rochefort 10.png,https://borja-unibeerse.netlify.app/BeerImages/Trappistes%20Rochefort%2010.png
249,Trappistes ,Rochefort 8,Trapenses,9.2,Bélgica,,,Trappistes Rochefort 8.png,https://borja-unibeerse.netlify.app/BeerImages/Trappistes%20Rochefort%208.png
250,Triganer,Triganer,Trigo,5.5,España,,,Triganer.png,https://borja-unibeerse.netlify.app/BeerImages/Triganer.png
251,Tsingtao,Premium Lager,Lager,4.7,China,,,Tsingtao.png,https://borja-unibeerse.netlify.app/BeerImages/Tsingtao.png
252,Tsingtao,Premium Lager,Lager,4.7,China,,,Tsingtao 2024.png,https://borja-unibeerse.netlify.app/BeerImages/Tsingtao.png
253,Tuborg,Pilsner,Pilsen,4.9,Dinamarca,,,Tuborg.png,https://borja-unibeerse.netlify.app/BeerImages/Tuborg.png
254,Turia,Märzen,Märzenbier,5.4,España,,,Turia Märzen.png,https://borja-unibeerse.netlify.app/BeerImages/Turia%20M%C3%A4rzen.png
255,Tyris,Paquita Brown,Brown Ale,5.5,España,,Valencia,Tyris Brown Ale.png,https://borja-unibeerse.netlify.app/BeerImages/Tyris%20Brown%20Ale.png
256,Tyris,Trigo,Trigo,4.5,España,,Valencia,Tyris Trigo.png,https://borja-unibeerse.netlify.app/BeerImages/Tyris%20Trigo.png
257,Tyris,IPA,IPA,6.0,España,,,Tyris IPA.png,https://borja-unibeerse.netlify.app/BeerImages/Tyris%20IPA.png
258,Tyris,Lemon & Melon,Radler,2.3,España,,,Tyris Lemon y Melon.png,https://borja-unibeerse.netlify.app/BeerImages/Tyris%20Lemon%20y%20Melon.png
259,Vecster,La Grúa,Irish Red,6.0,España,,Cantabria - Jaen,Vecster La Grúa.png,https://borja-unibeerse.netlify.app/BeerImages/Vecster%20La%20Gr%C3%BAa.png
260,Victoria,Malaga,Lager,4.8,España,,,Victoria Malaga.png,https://borja-unibeerse.netlify.app/BeerImages/Victoria%20Malaga.png
261,Volldamm,VollDamm,Märzenbier,7.2,España,,,VollDamm 1L.png,https://borja-unibeerse.netlify.app/BeerImages/VollDamm%201L.png
262,Volldamm,VollDamm,Märzenbier,7.2,España,,Quinto edición 70 aniversario. ,VollDamm 70 aniversario.png,https://borja-unibeerse.netlify.app/BeerImages/VollDamm%2070%20aniversario.png
263,Weihenstephaner,Vitus,Trigo,7.7,Alemania,,,Weihenstephaner Vitus.png,https://borja-unibeerse.netlify.app/BeerImages/Weihenstephaner%20Vitus.png
264,Weihenstephaner,Korbinian,Doppelbock,7.4,Alemania,,,Weihenstephaner Korbinian.png,https://borja-unibeerse.netlify.app/BeerImages/Weihenstephaner%20Korbinian.png
265,WeissDamm,Hefe-Weissbier,Trigo,4.8,España,,,Weihenstephaner Hefeweissbier.png,https://borja-unibeerse.netlify.app/BeerImages/Weihenstephaner%20Hefeweissbier.png
266,Westmalle,Westmalle Trappist,Dubbel,7.0,Bélgica,,,Westmalle Trappist.png,https://borja-unibeerse.netlify.app/BeerImages/Westmalle%20Trappist.png
267,Wychwood,Ginger Beard,Jengibre,4.2,Inglaterra,,,Wychwood Ginger Beard.png,https://borja-unibeerse.netlify.app/BeerImages/Wychwood%20Ginger%20Beard.png
268,WychwoodBrewery,BlackWych,Porter,5.0,Inglaterra,,,WychwoodBrewey Blackwych.png,https://borja-unibeerse.netlify.app/BeerImages/WychwoodBrewey%20Blackwych.png
269,XX,Dos Equis,Lager,4.2,México,,,XX Dos Equis.png,https://borja-unibeerse.netlify.app/BeerImages/XX%20Dos%20Equis.png
270,Zurito,Zurito,Blonde Ale,4.5,España,,Bilbao,Zurito.png,https://borja-unibeerse.netlify.app/BeerImages/Zurito.png